french,fongbe
Je vais à Dantokpa,Un xwe Dantɔkpa
Abaisse-le,Dɔn ɛ do do
Ses compagnons l'abandonnèrent,Gbɛ tɔn lɛ jo e do
II est très abattu par la maladie,Azɔn zin i d'ɛ
Ma grosse hache a abattu l'arbre,Gbolu ce wɛn atin
J'ai un abcès,Nu tɛ mi
II y en a en abondance,E fla'yi
Le maïs abonde,Gbade fla'yi
Viens d'abord,To wa
La pirogue a abordé,Tɔjihun ɔ wa tɔ to
Quelqu'un m'a abordé,Mɛ ɖokpo sɛ ya mi
Ce chemin aboutit à Dèkànmè,Ali elɔ nɔ te ɖo Dekanmɛ
Ce chien aboie beaucoup,Avun elɔ nɔ gbo din
Abrège !,Sɛ wu xwe na !
II s'est abrité contre la pluie,E glɔn ji
Il s'est absenté,E gɔn xwe
Je regrette l'absence de ma mère,Un ɖo nɔ ce do jɛ wɛ
II s'est absenté de la maison,E gɔn xwe
Je vais m'absenter quelques instants,Un na tɔn klewun ɖe
Tu t'abstiendras de manger du sel,A na gɔn jɛ ɖu
N'abuse pas des médicaments,Ma nu amasin din gan o
II abuse de moi,E nɔ zan mi din
Un pouvoir fort et abusif ne dure pas,Acɛ glanglan kpa nu mɛ sɔ nɔ nɔ a
Je suis accablé de fatigue,Lanmɛ ku mi
II a accepté volontiers,E yi gbe n’i ganji
A-t-il accepté ?,E yi gbe na a ?
Il a eu un accident,Awovi wɛ xo e
II est mort accidentellement,Sɛ tɔn hun gbɛn
Ils l'ont acclamé,Ye sɔ alɔ n' i
Je vais t'accompagner à Ouidah,Un na kpla we yi Glexwe
C'était une fille à la taille élancée et d'une beauté accomplie,Vi gɛgɛ ɖe wɛ bo nyɔ kun kaka bɔ kpɛɖe jɛ ji
Je suis d'accord avec lui,Un ɖo ji tɔn
La pirogue est venue accoster la rive,Hun wa gli ɖo tɔ to
C'est la sage-femme qui m'a accouchée,Doto vijinumɛtɔ ɔ wɛ ji vi nu mi
Elle a accouché d'un garçon,E ji vi sunnu ɖokpo
Elle est morte pendant l'accouchement,E ku ɖo ajidonu
Où a-t-elle accouché ?,Fitɛ e ji vi ɔ ɖe ?
Il a accouru vers moi,E dlɔn do mi
Accroche cela à l'arbre,Sɔ kpla nu elɔ atin kɔ
Il s'est accroché à moi,E zun fan mi
Accroupis-toi,Syan ayi
II est très accueillant,E nɔ yi mɛ ganji
Il l'a accueilli,E xε jonɔ tɔn
Il m'a accueilli,E xε jo mi
Il m'a accueilli,E yi jonɔ ce
Merci pour l'accueil,Ku do mεyiyi
Toutes les mouches se sont accumulées sur la plaie,Sukpɔ lɛ bi xa do agada ɔ gbɛgbɛ
Il a accusé Pierre,E do hwε Piε
Je m'accuse de tous mes péchés,Un yi hwɛ ce lɛ bi gbe
Acharnez-vous à votre travail,Mi do gan do azɔ mitɔn wu
Est-ce qu'il s'acharne au travail ?,E nɔ do gan do azɔ tɔn wu a ?
Il s'acharne à son travail,E nɔ do gan do azɔ tɔn wu
"Oui, il s'y acharne","Ɛɛn, e mya nukun d'e wu"
C'est un achat,Xɔ un xɔ
Elle a acheté de l'huile pour la revendre,E xɔ ami sa
J'ai acheté un cabri (pour l'élever),Un ɖe gbo
J'ai déjà vendu à quelqu'un,Un ko kpan’lɔ
Je veux acheter un peu d'huile,Ma jε ami kpεɖe
Je veux être le premier acheteur auprès de toi,Un jlo na kpan’lɔ
Qu'es-tu venu acheter ?,Etε xɔ gbe a ja ?
II est allé au marché et n'a acheté que des os sans chair,E yi axi bo xɔ xu glojo kεɖε
Je l'ai acheté à une liquidation,Un xɔ gbawunjo tɔn
La table que j'ai achetée est grande,Tavo e un xɔ ɔ ci glijaa
"Maman, viens acheter un jouet pour ton enfant","Mama, wa xɔ ɖokpo nu vi towe"
Viens m'acheter un vélo,Wa xɔ kɛkɛ ɖokpo nu mi
As-tu achevé de construire de la maison ?,A gba xwe towe vɔ a ?
As-tu achevé ton travail ?,A blo azɔ towe fo a ?
Mais son père ne le laissa pas achever sa phrase,"Loɔ, tɔ tɔn gbɔ n'i ɖɔ xo vɔ a"
Il a achevé son travail,E fo azɔ tɔn
C'est une orange acide,Yovozɛn gbodoklowe wɛ
Il a fait des acrobaties,E nyi alogwe
Cet homme est actif,Wu ya nya elɔ
Il est très actif,Wu y'ɛ ɖesu
Il a fait une bonne action,E wa nu ɖagbe
Il a été admis à son examen,E din nu tεnkpɔn tɔn
Je n'admets pas cela,Nu enε ɔ jlo mi a
Je n'admets pas cela,Un nɔ jlo mɔ a
Je l'admire pour son travail,Un yi wan n'i ɖ’azɔ tɔn wu
J'ai adopté cet enfant,Un yi vi elɔ bo hɛn
Je suis en train de l'adorer,Un ɖo sinsɛn ɛ wɛ
Il est en train de t'adorer,E ɖo sinsɛn we wɛ
On n'est pas homme adulte pour redevenir petit garçon,E nɔ nyi nya bo nɔ wa nyi nyavi a
Il est affable,E nɔ ya wu do mɛ
Son bras est affaibli,Alɔ tɔn gbɔjɔ
Ce garçon est très affaibli,Nyavi ɔ vɔ bi
Ne laisse pas tes mains s’affaiblir,Ma nu alɔ towe gbɔjɔ kan o
J'ai connu son nom par cette affaire,Un se nyikɔ tɔn gbɔn xo elɔ glamɛ
Quelle affaire !,Xo wɛ !
Je suis affamé,Adɔ hεn mi
Cet enfant est très affectueux,Vi elɔ yi wan nu mɛ tawun
II s'est affolé,Ayi ton gba dŏ
II l'a affranchi,E tun kan n'i
C'est affreux,E ji wu
II a mis le coupe-coupe dans le feu pour pouvoir l'affûter,E tɛn gyankpa
Les moucherons sont agaçants,Jɛxli gbɛ
II est agaçant,E nɔ do tagba nu mɛ
II m'agace,E ɖo tagba do nu mi wɛ
Il m'agace habituellement,E nɔ do tagba nu mi
Quel âge as-tu ?,Xwe nabi a ɖo ?
Tu es plus âgé que moi,A hu xwe mi
Tu es plus âgé que moi,A hu xwe mi
Tu es plus âgé que moi,A nyi mɛxo nu mi
Tu es plus âgé que moi,A wa ɖaxo mi
Mettez-vous à genoux,Mi jɛ kpo
La maladie s'aggrave,Azɔn ɔ ɖo syɛnsyɛn wɛ
Son mal de pied s'est aggravé,Afɔ tɔn fɔn adan
II est agile,E bi
Pourquoi as-tu agi ainsi ?,Nɛ gbɔn a wa mɔ ?
Ce garçon n'a pas de maître et agit à sa guise,Nyavi elɔ ɖo gan ɖe'si a bo ɖo gbawunjo mɛ
II a bien agi,E blo ɖo ganji
II a mal agi,E wa nu nyanya
II a mal agi,E wa nu nyido
II a mal agi,E blo nyido
"Tu agis brutalement, tu es violent",A nɔ blo (nu) gidigidi
L'arbre est violemment agité,Atin ɔ nɔ dan ginyaginya
"Cette nuit, son enfant a été très agité","Zan elɔ mɛ ɔ, vi tɔn xo su kaka"
II a agité l'arbre,E hunhun atin ɔ
II a semé l'agitation dans le pays,E hɛn to ɔ dan
Le pays s'est agité,To ɔ dan
Tu t'agites trop,A nɔ jɛ tagba din
II est à l'agonie,Azɔn huzu
II est à l'agonie,E ja kuku gbe
Nous allons agrandir la case,Mi na do xɔ ɔ ji
II est agréable,Mɛ ɖagbe wɛ
II est de rapport agréable,E nɔ dɔn mɛ
II s'est agrippé à l'arbre,E zun fan atin ɔ
II s'est agrippé à moi,E zun fan mi
Je suis aux aguets,Un ɖo nu xɔ to wɛ
Je suis aux aguets,To ce ɖo jɛ
Je lui ai dit que tu ne vas pas l'aider,Un ɖɔ n'i ɖɔ a kun na d'alɔ ɛ o
Viens m'aider un peu,Wa d'alɔ mi kpɛɖe
J'ai aiguisé le couteau,Un gan jivi ɔ
II aime bien les gens,E nɔ yi wan nu gbɛtɔ ganjii
Aimez-vous les uns les autres,Mi ni nɔ mɔ miɖee gbɔ
Ainsi soit-il !,Ami !
La cérémonie a été ajournée,Nuwa’zan ɔ glin
II en a ajouté un en plus,E ze ɖokpo gɔ na
"Que la calebasse s'ajoute à la calebasse, que la gourde s'ajoute à la gourde  =  Souhait de bien-être et de mieux être","Ka ni jɛ ka ji, go ni jɛ go ji"
Cela va mieux pour moi,E fuɖa nu mi
"II est allé chasser, il est allé à la pêche",E yi gbe nya gbe
"II va dans son champ, il va à la ferme",E xwe gle tɔn ta
J'ai besoin d'aller à la selle,Aɖɔ gbla mi
Je ne pourrai aller au marché Unglo,Aximε yiyi ce na glo mi
Je vais manger,Un xwe nu ɖu gbe
Tu vas au travail ?,Azɔ wa gbe a xwe a ?
Va avec lui,Gɔ n'i
Comment vas-tu ?,Nɛ a ɖe gbɔn ?
Comment vont les affaires ?,Nɛ yi gbɔn wɛ nu lɛ ka ɖe ?
II est allé à Alada,E yi Alada
II va à Covè,E xwe Kɔvɛ
Je vais là-bas,Un xwe dɔn
J'étais allé là-bas,Un yi dɔn ɖayi
La lampe que j'ai allumée dégage de la chaleur,Zogbɛn e un ta ɔ ɖo yozo gan wɛ
Ce ne sont que des oranges acides qu'on a amenées au marché aujourd'hui,Yovozεn sinvεsinvε ɖe lε kεɖε wε axi ɔ mε egbe
Mes légumes amers ont donné de nouvelles feuilles,Amavivɛ ce lɛ gbɛ ama ɖevo
La tortue a lié amitié avec l'escargot - Ce sont les gens à coquilles qui se servent de leur coquille pour lier amitié,Logozo zun xɔntɔn xa gwin - Yë gonɔ lɛ wɛ ɖo go ɖo ha wɛ
"Si l'on mange le haricot en camarade avec les enfants, ils en arrivent à mettre des crottes de cabri dans votre plat","E ɖ’abɔbɔ  gbɛ do xa yakpɔvu lɛ wɛ ɔ, gbɔ mi kwin wɛ ye nɔ cyan do ka mɛ nu mɛ"
J'ai vingt ans,Un ɖo xwe ko
II a annulé le jugement,E gbidi hwɛ ɔ
Tu es aphone,Gbe towe su
Comment t'appelles-tu ?,Nɛ a nɔ nyi ?
Il s'appelle André,E no nyi Andre
Ne l'appelle plus,Ma sɔ ylɔ ɛ o
Il a un fait un bo pour annihiler celui qu'il lui envoyait,E ɖo gɛ n'i
Son argent n'a rien rapporté,Akwɛ tɔn gu
Celui qui ne vient pas n'apprendra rien,"Mɛ ɖe ma wa a, e na se xo ɔ a"
Je lui ai appris le jeu aji,Un kplɔn aji i
II a approfondi le puits,E gungɔn tɔ ɔ
Il a approfondi le trou,E gɔngɔn do ɔ
II est sans appui,E ɖo gblolo mɛ
Je m'appuie sur lui,Un gan jɛ wutu tɔn
Aie de l'argent,Ɖo akwɛ
Ayons de l'argent,Mi nu m'a ɖo akwɛ
J'aurai de l'argent,Un na ɖo akwɛ
II a les jambes arquées,Asa tɔn gbandan
II a arraché mon pagne,E gbi avɔ ce
II m'a arraché l'assiette des mains,E gbi gannu sin asi ce
II m'a arraché le livre,E gbi wema ɔ yi
N'arrache pas le bien de ton prochain,Ma xo nɔzo towe gba fun o
"Cela va s'arranger, cela ira mieux",E na gbɔ
"II a arrêté la voiture brusquement, il a freiné brusquement",E ɖo hun te gli
Ils n'ont pas pu l'arrêter,Ye wli i bɔ e jɛ glojo
Un malheur m'est arrivé,Nu gbo mi
"André, bonne arrivée !","Andre, bo kuabɔ ?"
"Bonne arrivée, Pierre","Kuabo, Pyɛ"
II a aspiré de l'eau,E gbɔn sin
"Si quelqu'un veut aspirer la moelle, qu'il aille acheter un os","Enyi mɛɖe na gbɔn cɔncɔn hun, mɛ ɔ ni yi xɔ xu"
II s'est assis lourdement,E jinj'anyi gbagbaɖagba
II a assuré que c'est ainsi,E gan jɛ wu ɖɔ mɔ jɛn ci
II a de l'asthme,E jɛ gbɔxii
Ils ont attaché le voleur et l'ont lié fortement,"Ye bla ajotɔ, ɔ b'ɛ ɖo gbawungbawun"
"Un revenant dit qu' il attend quelqu'un à l'entrée de la maison Quand il aura mal aux jambes, il s'en ira","Kutitɔ ɖɔ emii ɖo te kpɔn mɛɖe ɖo gbɛnde mɛ - Afɔ ko wa ku i ɔ, e na yi"
"Attends, il viendra à 7 heures","Nɔ te, e na wa gan tɛnwe mɛ"
Un épervier a attrapé un chaton,Gangan wε sa awi vi
"Si le chemin va dans le monde de l’au-delà, j'irai voir le Sé (chant de Gbenyɔ)","Nu ali yi gbɛgbonu ɔ, un na yi mɔ Sɛ"
Aucune personne n'est là,Mɛ ɖebu ɖo finɛ a
"Si j'y vais, je me ferai ton interprète auprès de lui",Enyi un yi ɔ un na ɖo gbe towe n'i
L'homme est auprès d'un arbre,Dawe ɔ ɖo atin kɔn
"Si tu le fais, c'est bien. Si tu ne le fais pas, c'est bien aussi","A blo ɔ gɛgɛ, a lɛ gɔn blo ɔ gɛgɛ"
"Comme tu sortais, moi aussi je suis entré dans la maison","Ee a ɖo tintɔn wɛ ɔ, nyɛ ɖesu byɔ xwe gbe"
Il y a aussi la viande de porc,Hanlan ɖesu ka lɛ ɖe
Je suis aussi âgé que lui,Un ɖo xwe sɔ ɛ
Il a autant d'argent que moi,E ɖo kwɛ nyɛ ɖɔhun
Un autre jour,Gbe ɖevo gbe
Celui-ci est plus joli que l'autre,Elɔ nyɔ ɖɛkpɛ hu ɖe ɔ
"Eux autres, ils sont allés au marché","Ye dɛ ɔ, ye yi aximɛ"
Les uns ont mangé et les autres ont bu de l'eau,Mɛɖe lɛ ɖu nu bɔ mɛɖe ɔ lɛ nu sin
Le crocodile avala le cabri d'un seul coup,Lo ɔ mi gbɔ ɔ gbligbɛ tɔn
Avale le comprimé d'un seul coup,Mi amasin kwin gbligbɛ tɔn
Nettoie ma voiture avant qu'on ne parte,Sunsun mɔto ce cobonu mi na yi
Il doit aller à la plage avec moi,E ɖona yi xu to xa mi
Il mangeait avec nous,E nɔ ɖu nu xa mi ɖ'ayi
L'argent est avec mon père,Akwɛ ɔ ɖo tɔ ce gɔn
II a des jambes grêles,E ɖo getɛ caywe
Ayez de l'argent,Mi ɖo akwɛ
II a bâclé son travail,E ge azɔ tɔn
L'arbre se balance de côté et d'autre,Atin ɔ nɔ dan ginnyaa
II a le ventre ballonné,Go ji i (ou) e ji go
"Il est en bas, au fond",E ɖo do
Est-il permis de battre de la sorte un enfant d'homme ?,Gbɛtɔ vi jɛn e nɔ xo mɔ a
Le canard a battu des ailes avec fracas et est parti,Kpakpa ɔ xo awa gbagba bo yi
Je l'ai battu à la course,Un ɖu gan n'i ɖo wezun mɛ
II fait beau,Gbɛmɛ nyɔ
L'enfant est beau,Vi lɔ nyɔ ɖɛkpɛ
Beaucoup de mes habits sont sales et je veux les laver,Awu ce gege ɖe lɛ kwiji bɔ un jlo na nya
II y a beaucoup d'histoires,Xo ɔ gege
Il y en a beaucoup,E gbogbo
Il y en a beaucoup,E su kpɔ din
J'ai beaucoup de travail,Azɔ ɔ gege ɖ'asi ce
Merci beaucoup !,A wa nu ɖesu ?
II regarde bêtement,E nɔ kpɔn nu gbɔɔn
II est très bien,E ɖo ganji
Je suis parfaitement bien,Un ɖo gewungewun
"Comme tu as bien travaillé, tu auras beaucoup d'argent","Lee a w'azɔ ganji ɔ, a na ɖ'akwɛ gege"
Est-ce qu'il se porte bien ?,E ɖo ɖagbe a ?
Je me porte bien,Un ɖo ɖagbe
Je suis bien,Un do ɖagbe
"Bientôt, je partirai",E nɔ zaan ɔ un na yi
II est bienveillant pour les gens,E nɔ kɛya nu gbɛtɔ
II m'a blessé,E gble wu mi
J'ai blessé mon camarade à la tête,Un gble wu gbɛ ce do ta
Je me suis blessé au pied,Un gble wu d'afɔ
II a des blessures aux gencives,E gba nyɔmɛ
Ce qu'il m'a dit m'a bloqué,Xo e ɖɔ ɔ ji go nu mi
"Deux oiseaux ne boivent pas ensemble dans un goli, leurs becs vont se coincer","Xɛ we nɔ nu sin ɖo goli mɛ a, bɛ na jan"
Je n'ai même pas bu,Un nu sin vɔvɔ a
Je ne bois ni l'alcool ni bière,Un nɔ nu soɖabi kpodo bya kpan a
Jusqu'aux extrémités de la terre,Kaka yi fi e gbɛ kpo nu ɖo le
Il est allé au bord de la route,E yi alito
II était tout bouleversé,Xo tɔn mɛ nɔ fyɔ
II m'a bousculé,E nya glo mi
Je suis à bout,Nu gbɛ do mi
Je boutonne mon habit,Un ɖo gbo do nu awu ce wɛ
Sois bref (dans ton discours),Gbo do glii tɛn
"J'étais brouillé avec quelqu'un, mais c'est fini maintenant",Un ɖo kɛn xa mɛ bɔ un ko gbɔ
Je suis brouillé avec mon frère,Un nɔ mɔ nɔvi ce gbɔ a
II a bruiné,E fun
II a claqué la porte avec bruit,E su hɔn glawun
Ils sont dans un très grand bruit,Yĕ ɖo zingidi ji guwun
Ce médicament brûle dans la plaie,Amasin elɔ nɔ fyɔ ɖ’akpa mɛ
Comment as-tu brûlé lé cabri et il reste des poils dessus,Nɛ a mɛ gbɔ gbɔn bɔ fun kpo d'e wu
L'enfant s'est brusquement réveillé.,Vi ɔ fɔn gajawun sin amlɔ mɛ
Il ne cache pas les choses  =  il est franc,E nɔ gba nu nu xo a
Calme-toi ! Patience !,Gbɔ !
"Calme-toi, je t'en prie !",Gbɔ se a !
Il n'est pas allé au service car il a plu,E yi azɔmɛ a ɖo ji ja
Carte d'identité,Mɛɖe do gesi wema
II a cassé l'assiette,E hɛn agban ɔ gba
Tu casseras la jarre avant d'être arrivée a la source  =  tu feras des bêtises avant l'âge,A na yi tɔ co bo gba zɛn a
Je suis très heureux,Xomɛ ce gba wɔ
Cette affaire lui a causé beaucoup de soucis,Xo ɔ gba tamɛ n'i
Ce voleur tue,Ajotɔ elɔ nɔ hu mɛ
Je peux lire ce livre,Un sixu xa wema elɔ
Ce n'est pas ceci son livre,Wema tɔn ɖie a mɛ
"Agoo, agoo, cédez-moi le passage pour que je passe","Agoo, agoo, mi na mi ali nu ma din"
C'est exactement cela,E jɛn nɛ gɛgɛ
C'est comme cela que tu es,Mɔ wɛ a jɔ
Il ne doit pas dire cela,E ɖona ɖɔ mɔ a
Celui-là est plus joli que celui-ci,Enɛ nyɔ ɖɛkpɛ hu elɔ
"Bayi, vends-lui du akpan pour 100 francs","Bayi, sa akpan kpɔnwun ɛnɛ nu n'i"
Je te dois 500 f,Un ɖu sɛn san do we
"On fait un grand cercle, on fait (aussi) un petit","E xa glagada, e nɔ xa godwe"
Certains élèves,Azɔmɛvi ɖe lɛ
II a cessé de manger,E gbɔ nu ɖu
Il n'a pas cessé de parler,E gɔn xo ɖɔ a
A qui est ce champ de maïs ?,Mɛ tɔn wɛ nyi agbade gle elɔ ?
C'est lui qui a chanté,Eye wɛ ji han
Chaque parent,Mɛjitɔ ɖokpo ɖokpo
"L'animal qui n'a pas de queue, c'est Dieu qui lui chasse les mouches","Kanlin e ma ɖo si a ɔ, gbɛ wɛ nɔ nya sukpɔ n'i"
On l'a chassé dans la nature,E fun i do gbe
Le corps de l'enfant est très chaud,Vi ɔ sin wutu hun myɔ gbogbogbo
Mon corps est chaud,Wutu ce gblɔ
II est chef à Savi,E ɖu gan ɖo Savi
Où est-il chef ?,To tɛ mɛ e ɖu gan ɖe
Qui est chef ici ?,Mɛ wɛ nyi gan ɖo fi ?
C'est toi que je cherche,Un tɔn gbe towe
"Si un fer cherche un nom, qu'il aille dans la forge","Gan ɖe ba nyi hun, e yi fle mɛ"
Je vais chez ma mère,Un xwe nɔ ce gɔn
Comment venir chez toi ?,Nɛ e nɔ wa xwe towe gbe gbɔn ?
J'allais chez lui,Un nɔ yi gɔn tɔn ɖayi
Cette chose-ci est bonne,Nu yɛ nyɔ
Ils doivent connaître cette chose,Ye ɖona tuun nu elɔ
Il y a cinq jours que je l'ai vu,E ko yi azan atɔɔn bɔ un mɔ ɛ
On va le circoncire,E na gbo ada n'i
II a circulé par ici,E dan gbɔn fi
"C'est évident, c'est clair",E ɖo gaan
Il fait clair,Gbɛmɛ zawĕ
L'eau est très claire,Sin ɔ zawe bi
Sa voix est claire,Gbe tɔn zin
II a cogné la tête contre le mur avec bruit,E gba ta do do wu giwun
II a cogné la tête sur le mur avec un choc sec,E gba ta do do wu gawun
Je suis coiffeuse,Ɖablatɔ wɛ nu mi
C'est dans le coin,E ɖo gogwe mɛ
II est en colère,Xo tɔn mɛ gble
C'est du pain a (pour) combien ? Ce sont des pains à (pour) 60 f,Wɔxuxu nabi gbe ɖie ? - Wɔxuxu ɖɔla wewe gbe wɛ
Combien d'enfants y a-t-il dans la maison au juste ?,Vi nabi wɛ ɖo xwe ɔ gbe tawun ?
C'est la personne chez qui je suis qui me l'a commandé,Mɛ e gɔn wɛ un ɖe ɔ wɛ zɔn nu mi
Il court comme un lièvre,E do wezun hu azwi
La nuit commence à tomber,Zan ja kuku gbe
L'eau a-t-elle commencé à bouillir ?,Sin ɔ ko fyɛ a ?
Je suis commerçant,Un nyi ajotɔ
J'étais commerçant,Un nyi ajotɔ ɖayi
Elle a commis l'adultère,Afɔ wɛ e do gbĕ
C'est mon compagnon,Gbɛ ce wɛ
Cet enfant est complètement perdu,Vi ɔ fun bi
Je suis complètement rassasié,Un gɔ xo gedegede
Tu compléteras avec de l'akassa,A na sɔ gi gɔ na
II a compliqué l'affaire,E gɛdɛ xo ɔ
On a comploté contre lui jusqu'à ce qu'il quitte le pays,E jɛ gomɛ n'i kaka bo ɖyɔ ɛ sin tomɛ fi
II complote contre son roi,E  bla axɔsu tɔn gbe
Les ennemis de Jésus ont comploté contre lui,Jezu kɛntɔ lɛ bla gbĕ tɔn
Ils complotent contre moi,Yĕ ɖo gbe ce bla wɛ
II ne comprend pas le fon,E ma se fɔngbe nɛ
"André, comprends-tu fon ?","Andre, a se fɔngbe a ?"
Ne compte pas sur moi,Ma gan jɛ wu ce o
Compte ces personnes-ci pour moi,Xa mɛ yɛ nu mi
Ne condamnez personne,Mi ma gble hwɛ do ta nu mɛ ɖe o
Ils ne savent même pas conduire un vélo,Ye ma nyɔ kɛkɛ do gɛ
"Ayez confiance, vous aurez la récompense de votre foi",Mi gb'adɔ ɖɔ mi na yi nuɖiɖi mitɔn sin ajɔ
II a confiance en moi,E gbŏ adɔ do wu ce
Je suis en congé,Un ɖo gbɔjɛ mɛ
On m'a donné huit jours de congé,E na mi gbɔjɛ nu azan tantɔn
Connais-tu Berlin ?,A tuun Bɛɛlɛn wɛ a ?
Je le connais,Un tuun i
II a consenti à mourir,E yi ku gbe
Je lui ai construit une case,Un gba xɔ n’i
II a consulté  le chapelet divinatoire pour lui,E kan gunmagan n'i
Ils sont venus en masse contempler ce qui s'est passé,Ye ny'ahwan gugu wa ja nu e jɛ ɔ kpɔn gbe
II m'a protégé contre le vent,E glɔn jɔhɔn nu mi
On a convoqué à une réunion de village,E ɖo togbesɔ
Dieu créateur voudra et ce que je pense sera correct,Mawu gbɛnɔ na jlo bɔ nu e lin un ɖe ɔ na jlɔ
Maman a cousu un bomba au col large,Nana tɔ bowunba kɔmɛ gblayaa ɖokpo
"Si quelque chose vous coule dans la barbe, elle coule sur le menton","E jɛ atan mɛ ɔ, e nɔ jɛ gba mɛ"
La corde s'est coupée,Kan ɔ gbo
II a coupé très court la tête de tous les arbres,E sɛn ta nu atin lɛ bi do gligli ji
Coupe-le,Sɛn ɛ
Cet homme est courageux,Nya elɔ gla
Ma main est courbée,Alɔ ce gɔdɔ
Ne cours pas à droite et  à gauche,Ma dan gblagbla o
Toutes les bêtes couraient à fond de train,Kanlin lɛ bi ɖo wezun do wɛ gbligbli
Le temps est couvert,Gbɛmɛ ci kpitii
Le temps est couvert,Gbɛmɛ hɔn a
Couvre ton bagage,Gba nu nu agban towe
Nous irons chez Dieu sans crainte,Mi na go yi Mawu gɔn
Tu crânes trop,A nɔ go din
La case est pleine à craquer,Xɔ ɔ gɔ bo ɖo gbagba
C'est Dieu qui a créé le monde,Mawu w'ɛ ɖo gbɛ ɔ
L'abcès a crevé,Nutitɛ ɔ wu sin
L'abcès a crevé,Nutiitɛ ɔ tɔn sin
Jean-Baptiste criait dans le désert,Jan Batistu nɔ su xo ɖo gbexo mɛ
Ne croque pas ce comprimé,Ma gba atinkɛn ɔ ɖu o
II a cueilli une papaye pour son fils,E gbɛ kpɛn nu vi tɔn
"Quand chacun dit  "" c'est d'abord mon maïs à moi qui va passer à la cuisson "", le feu finit par s'éteindre","Gbade ce jɛn na bi ɖiɖa ɔ, myɔ wɛ nɔ hɛn ci"
II a cultivé un champ de maïs,E lɛ gbade gle
Il cultive le champ,E nɔ lɛ gle
Tu as bien cultivé ton champ,A lɛ gle towe ganji
Le daman a tourné le dos à la montagne de Gbowelè - c'est que (explique-t-il) j'ai confiance en la montagne,Agidigbawun do gudo Gbowɛlɛ so - So wɛ emi kpɛnzɔn
Je vais à Gboa dans la commune de Bonou,Un xwe Gboa ɖo Bonu kanmɛ
Les volontaires l'apprennent pour travailler dans votre pays,Jloɖagbenɔ lɛ ɖo kpinkplɔn wɛ bona do w'azɔ ɖo to mitɔn mɛ
Il est en train de manger,E ɖo nu ɖu wɛ
Il vient de rentrer à la maison,Din jɛn e yi xwe gbe
J'avais de l'argent,Un ɖo akwɛ ɖayi
Je suis de l'Allemagne,Un gosin Janma tomɛ
Le fleuve a debordé,Tɔ ɔ gba wu
II y en a jusqu'au nez,Kpeto kpe awɔn
II est resté debout en équilibre instable,E ci te geɖee
Ma chemise est décolorée,Awu ce gɔ
Cela m'a découragé,E gbɔjɔ kan mɛ nu mi
II a déformé le (fait des bosses) gannŭ,E gbandan gannu ɔ
La pâte chaude dégage de la chaleur,Wɔ zozo nɔ gan yozo
Il a déjà mangé,E ko ɖu nu
Il est venu mais tu étais déjà sorti,E wa a ka tɔn
Je suis déjà là,Un ko wa
J'ai délayé du gowé et l'ai bu,Un fan gowe nu
La grande soeur a acheté une grosse mangue qui est délicieuse,"Dada xɔ mǎga gbowun ɖe, b'ɛ vivi kaka"
Nous l'avons prise en flagrant délit d'adultère,Afɔ do gbe wɛ e ɖe bɔ mi yi gbo e do
Délivre-nous du mal,Hwlɛn mi gan sin nu nyanya mɛ
Je vais demander la permission,Un na byɔ gbe
"Lorsque la pluie tombait, tu étais aveugle ?","Hwenu ji ɖo jija wɛ ɔ, nukun wɛ tɔn we a ?"
Dossou a demandé à dossi s'il ne va pas manger,Dosu kanbyɔ Dosi ɖɔ e na ɖu nu ace
Il lui a demandé s'il a mangé,E kanbyɔ ɖɔ e ɖu nu aji
Le véhicule ne démarre pas,Hun gbɛ zo
C'est comme est le cabri que sa poitrine demeure (Tel père tel fils),Lĕe gbɔ ɖe ɔ wɛ hunɖe tɔn nɔ nɔ
Ils demeurèrent fidèles à Dieu,Yĕ nɔ gbeji nu Mawu
II a démoli la case,E hɛn xɔ ɔ gba
"Je m'en vais, je suis sur le départ",Un xwe yi gbe
La vanité de cet homme dépasse les bornes,Glagla dawe elɔ tɔn fla'yi din
Tu te dépêcheras pour aller au marché,A na fya bo na yi aximε
II a déprécié le maïs et l'a acheté,E gbijɔ agbadekun ɔ bo xɔ
Depuis ce jour-là,Sin gbe nɛ gbe ɔ
Depuis quand tu as commencé le travail là ?,Sin hwetɛnu a bɛ azɔ ɖo finɛ ?
Le prix est devenu dérisoire,Axi ɔ jε gbawunjo
II est le dernier de sa classe,E wɛ gbɔn to ɖo wemaxɔmɛ
II est notre dernier,E gbɔn to nu mi
II est derrière moi,E ɖo gudo ce
"Non, je veux acheter de médicaments","Eeo, un jlo na xɔ atinkɛn"
Ton pied a désenflé,Afɔ towe gbigba
Le maitre l'a désigné,Mɛsi ɖe e
"II a mis en désordre tous mes papiers, tous mes livres",E gudu wema ce lɛ bi
Les choses sont en désordre,Nu lɛ ɖo guduu
Les papiers sont en désordre,Wema lɛ gbada
Mes papiers sont en désordre,Wema ce lɛ guda
II a détendu la corde,E gbɔjɔ kan ɔ
Le piège s'est détendu et l'animal s'est échappé,Fɛca ɔ fɛ gbla
La corde s'est détendue,Kan ɔ gbɔjɔ
II me déteste,E gbɛ wan nu mi
II a détourné de l'argent de son patron,E gbada kwɛ do gan tɔn
Détruisez ce temple et en trois jours je le rebâtirai,"Mi bo gba yɛhwexɔ elɔ, azan atɔn gbe ɔ un na lɛ vɔ ɛ gba"
J'ai une bosse au front,Un wu go ɖo nukɔn
Cet homme est un grand devin,Awo gbogbo ɖokpo wɛ nu nya ɛ
II m'a dévoilé son secret,E gba akpa tɔn nu mi
"II s'est dévoilé, il s'est trahi, il a décidé de se faire connaître",E gba eɖee do
Combien te doit-il ?,Nabi e ɖu do we ?
Je dois voir le garçon,Un ɖona mɔ nyavi ɔ
C'est différent,E gbɔn vo
II est différent de moi,E gbɔn vo nu mi
C'est difficile,E gɛdɛ
Il a dit qu'il viendra,E ɖɔ emi na wa
Ne restez pas en ordre dispersé,Mi ma nɔ gdadogbado o
Ils se sont disputés violemment,Yĕ ɖɔ jlɛ gannyii
"Même si ton père se met à divaguer, ne t'en offusque pas","Tɔ towe na bo wa jɛ gblo fan ji hun, ma do mɔ nuɖe na o"
Diverses sortes de repas,Nuɖuɖu tɛnmɛtɛnmɛ
Mange bien donc,Bo ɖu nu ganji
Cette chambre me donne de la chaleur,Xɔ ɔ gblɔ do mi
Ils m'ont donné tort,Ye  gble hwɛ do ta nu mi
"(Au jeu de billes, lorsqu'un enfant gagne, les autres lui disent  « Donne-moi une partie de ce que tu as gagné) »",Gba gbe nu mi
Il lui a donné un coup de bâton,E gan kpo n'i
Je suis déjà allé donner la demande de main pour ma femme,Un ko yi na gbeyihan nu asi ce
L'arbre a donné de nouvelles feuilles,Atin ɔ gbɛ
Tu te donnes trop d'importance,A nɔ ba gladi din
Il a refusé que ma maman lui donne de l'argent,E gbɛ ɖɔ nɔ ce kun na n'ɛ akwɛ o
La femme dont j'ai pris le pagne,Nyɔnu e un yi avɔ tɔn
"Si les entrailles ne dorment pas, l'oeil ne dort pas","Adɔ ma dɔ a ɔ, nukun nɔ dɔ a"
II a dormi à découvert,Gode wɛ e dɔ
Tout droit jusqu'à Cotonou !,Kutɔnu goo !
II est venu tout droit,E zɔn guwun bo wa
L'arbre est bien droit,Atin ɔ jlɔ gbannana
Tout droit jusqu'à la maison !,Xwegbe goo !
Mes ancêtres viennent du Bénin mais on m'a engendrée en Amérique,"Dagbo ce lɛ ɔ, Bɛnɛ wɛ ye gosin, bɔ e ji mi ɖo Amerika tomɛ"
Je leur ai donné de l'eau,Un na ye sin
"Depuis que nous avons échangé sur cela, je ne l'ai plus vu","Gbogbo e mi ɖɔ xo nɛ ɔ, un sɔ mɔ ɛ gbeɖe a"
"Je lui ai échappé, je ne suis plus sous ses ordres",Un glo e
II s'est écorché,Wutu tɔn sun glo
II n'écoute plus personne,E gba gbe ala bi
Mes traces ont été effacées,Afɔdomɛ ce gbidi
Cet homme est très élancé,Dawe elɔ ɖi ga kaka
Il a élargi le trou,E hɛn do ɔ gblo
Élargis ce chemin,Gblo ali nɛ ɔ
La sauce est élastique,Nusunnu ɔ ci gbɛdɛ
"Élève la voix, parle plus fort",Zĕ gbe yi ji
Ils sont sur le point d'élire un nouveau chef,Ye ɖo gan yɔyɔ na ɖo wɛ
L'affaire m'est devenue embrouillée,Xo ɔ gɔndɔn do mi
On l'a emmené avec tout ce qu'il possédait,E kpl'ɛ yi kpo ka kpo go kpo
Il n'y en a pas au service,E tiin ɖ'azɔmɛ a
Est-ce que tu n'a pas encore entendu ?,A ko se a wɛ a ?
Il ne l'a pas encore vu,E ko mɔ ɛ a
Je n'ai pas encore mangé,Un ko ɖu nu a
Aucun ne s'est énervé,Mɛ ɖebu sin xomɛ a
Et tes enfants ?,Vi towe lɛ lo ?
Ma grande soeur a enfanté,Dada ce gba go
II a enfermé ses cabris dans l'enclos,E glɔn gbɔ tɔn lɛ do kpa mɛ
De quel côté s'est-il enfui ?,Akpa tɛ xwe e hɔn jɛ gbe do ?
C'est le dernier né,E ji gbɔn to
C'est parce que son enfant est mort qu'il a engendré un autre,Vi tɔn ku wɛ zɔn bɔ e lɛ ji vi ɖevo
Enlève la poussière de mon oeil,Fun kɔ sin nukun ce ji nu mi
Cet homme qui a l'éléphantiasis à un pied énorme,Nya bonɔ elɔ ɖo afɔ gɛjɛgɛjɛ
Elle a des seins énormes,E ɖo anɔ gbanjangbanjan
II y a énormément de mangues au marché,Maga su kpɔ gbεgbε ɖ'axi mε
Il pleure énormément,E ɖo avi ya wɛ ɖo gbɛmɛ
Ils ont dépensé énormément lors des cérémonies,Ye zan nu ɖo nuwiwa ɔ do mɛ kaka bɔ e gbe lu
L'orange est énormément grosse,Yovozɛn ɔ klo kaka bo ci gbawun
"Sa voix est rauque, il est enroué",Gbe tɔn xla
Les gens sont entassés dans le véhicule,Gbɛtɔ ɖo gbagba ɖo hun ɔ mɛ
Est-ce que tu t'entends bien avec lui ?,A nɔ mɔ ɛ gbɔ a ?
Ils ne s'entendent plus,Ye klan gbe
J'ai entendu le son de ta voiture,Un se mɔto towe gbe
C'est entendu,Un se xo towe
II s'est entêté au sujet notre l'affaire,E gblɔn xo ɔ nu mi
Entrez,Mi byɔ xwegbe
Le champ est envahi par les herbes,Gbehǎn su gle ɔ
L'eau a envahi la campagne,Sin ɔ gba gbĕ
Le fleuve a recouvert toutes les récoltes,Tɔ ɔ gba jinukun lɛ bi
II m'a envoyé le sort de ganbadà,E ɖo ganbaɖa nu mi
J'enverrai cette lettre à mon frère par la poste,Un na sɛ wema elɔ do nɔvi ce gbɔn posu
C'est un vacarme épouvantable,Zingidi gɛyin wɛ
Une chose épouvantable,Nu gɛyingɛyin
La maladie m'épuise,Azɔn gbɛ do mi
J'ai complètement épuisé toutes mes économies,Akwɛ e ɖ'asi ce ɔ bi vɔ gbidigbidi
II est en équilibre instable,E ɖo geɖee
Il a eu une érection,E nyi gɛn
II a erré par ici,E dan hun gbɔn fi
L'orphelin erre à l'abandon,Nɔcyɔvi ɔ nɔ sa lele
Et toi ?,Hwɛ lo ?
Il est venu et il a mangé,E wa lobo ɖu nu
Je suis arrivé et il est parti,Un wa b'ɛ yi
II a établi son champ ici,E jɛ gle ɖo fi
II s'est étendu confortablement dans son siège,E gan jɛ azinkpo mɛ
II était fatigué et il s'est étendu sur le côté,Nu ci kɔ n’i bɔ e ganja
"Dossou, donne de l'eau à l'étranger","Dosu, wun sin nu jonɔ"
"Sois courageux, n'est-ce pas !",Gla se a !
Soyez courageux !,Mi gla !
C'est moi,Nyɛ we
Ils sont ici,Ye ɖo fi
Je suis étudiant,Wemaxɔmɛvi wɛ nu mi
"Et toi, tu étudies quoi à l'université ?",Nutɛ hwɛ a nɔ kplɔn ɖo wemaxɔmɛ ?
Ce sont eux qui ont dansé,Ye wɛ ɖu we
C'est absolument exact,E sɔgbe gbannana
Tu exagères,Towe gbɛ
Examinez bien l'affaire,Mi gbeje xo ɔ kpɔn ganji
Le soleil est excessif,Hwezivɔ gbɛ
II ne m'a pas bien expliqué l’affaire,E gba jɛ mɛ nu xo ɔ ganji a
"Ce que tu as fait m'a fâché, ta conduite m'a fâché","Nu nɛ a blo ɔ, e gble xomɛ nu mi"
Il s'est fâché contre moi,E gble xomɛ do mi
Le requin s'est fâché et a renversé la pirogue sur l'eau,Gbowele sin xomɛ bo syɔ hun ɖo tɔ ji
Voilà une bien fâcheuse affaire !,Adɔn gɛnnyigɛnnyi ɖie j'ayi e
Je n'ai plus faim,Un gɔ xo
Je n'ai plus faim,Xo gɔ mi
c'est une grande chose qu'il a faite,Nu gangan w'ɛ blo
II a bien fait,E blo ɖo ganji
II a fait comme il faut,E blo ganji tɔn
II a fait comme il convenait de faire,E blo ɖo gan tɔn ji
II a fait comme il convient,E blo ganji
II a fait le portrait de quelqu'un,E do gesi mɛ
II a fait un zigzag et est tombé,E blo gadagada bo j'ayi
"II fait le fanfaron, le malin",E ɖo glagla blo wɛ
Ils font un très grand bruit,Ye ɖo zingidi ɖu wɛ gannyii
La sonnette de son vélo fait gléwûn,Kɛkɛ tɔn sin gan nɔ ɖɔ glɛwun
Quelle longueur cela fait-il ? Quelle est sa taille ?,Nabi wɛ nyi ga tɔn ?
Comment as-tu fait ?,Nɛ a blo gbɔn ?
"II fait l'arrogant, il se mêle de tout pour tout commander",E nɔ blo gangannagansu din
II me faut absolument de l'argent,Akwɛ gbo vɛ mi
Mon frère viendra sans faute,Nɔvi ce na wa godogodo
Et ta femme ?,Asi towe lo ?
Ils roulèrent une énorme pierre pour fermer le tombeau,Ye bli awinnya gidigbaja ɖe do su yɔ ɔ na
"Les enfants, fêtez bien","Vi lɛ, mi ɖu xwe ganji"
Le lion est fier,Kinikini nɔ go
Le gombo est très filant,Fevi ɔ do dɛ gblɛlɛɛ
Ce n'est celui-ci son fils,Vi tɔn ɖie a mɛ
Nous avons vu la fin de l'année,Mi mɔ xwe fufo
Combien d'heures mettras-tu pour finir le travail ?,Ganxixo nabi a na do fo azɔ ɔ na ?
Dans combien d'heures auras-tu fini le travail ?,Ganxixo nabi mɛ a na fo azɔ ɔ ?
Je suis sur le point de finir,Un ɖo na fo wɛ
II a donné une réponse fixe,E na gbeta
Ils l'ont surpris en flagrant délit de vol,Ye gbo e do d'ajo kɔn
"Chaque fois que tu viens ici, nous mangeons","A wa fi hweɖebunu ɔ, mi nɔ ɖu nu"
Ma mère m'a amené là-bas une fois,Nɔ ce kplan mi yi dɔn azɔn ɖokpo
Cette affaire m'a laissé sans force,Xo ɔ gbɔjɔ́ lanmɛ nu mi
II me l'a arraché de force,E yi i d'asi ce gannugannu
Je suis sans force,Lanmɛ ce gbɔjɔ
"Si on forme un grand cercle, on forme encore un petit cercle","E xa gblagada ɔ, e nɔ lɛ xa klobotwe (ou godwee)"
Cet alcool est fort,Ahan elɔ gla
II a fait un vent très fort hier,Jɔhɔn gbagbagugu ɖe nyi sɔ
"II est mon supérieur, c'est plus fort que moi, c'est au-dessus de mes forces",E hu gan mi
II fait un soleil très fort aujourd'hui,Hwezivɔ glagla ɖe wɛ hun egbe
J'ai fourni une participation,Un jɔ fun d’e mɛ
II fait frais,Gbɛmɛ fa
Et de la viande de porc pour 250 francs,Hanlan kpɔnwun wo nu nu mi
II a frappé à ma porte,E xuxu hɔn nu mi gogogo
II m'a frappé de son poing à la bouche et elle est enflée,E gba nu mi kpo kwin kpo b'ɛ ci gɔɖɔɖɔ
"La vie est une branche de palme au bord de l'eau, elle frappe vers la droite, elle frappe vers la gauche","Gbɛ ɔ tɔdema wɛ, e nɔ xo yi ɖisi, e nɔ xo yi amyɔ"
II fait froid,Jɔhɔn gbɛ
"II fait froid, et tu restes ainsi sans habit","Jɔhɔn gbɛ, b'a kpo ɖo gokle mɔ a"
II fait froid,Avivɔ gbɛ
J'ai une bosse au front,Nukɔn ce ɖo go
On ne peut cacher une bosse qu'on a sur le front,E nɔ wu go ɖo nukɔn bo nɔ ze hwla a
Frotte-le bien qu'il soit propre,Gingin wu tɔn ganji n'i mɛ
II s'est frotté le dos contre le mur,E gingin nɛgbe do do wu
J'ai frotté les pieds par terre,Un gingin afɔ do kɔ mɛ
"J'ai frotté mon "" bic "" sur le papier",Un gin biki ce do wema ɔ ji
Je serai commerçant,Un na nyi ajotɔ
Ils gambadaient et sont tombés,Yĕ ɖo gbojlaka ɖu wɛ bo j’ayi
Son père et ses frères ont gardé délicatement sa calebasse,Tɔ tɔn kpo nɔvi tɔn lɛ kpan hɛn kɛɖɛɛ govi tɔn
II a garé son véhicule à la porte,E gli hun tɔn ɖo hɔn to
II est venu garer la pirogue sur la rive,E wa gɔa hun ɖo tɔ ɔ to
II a gaspillé son argent,E gu akwε tɔn
"II n'a pas profité de la vie (pas d'enfants, pas d'argent)",E gu eɖee
"II a gâté mon plan, il a torpillé mon projet",E hɛn linlin ce gble
Cet enfant est complètement gâté,Vi ɔ gble b'ɛ yi kɔn
II est gâté excessivement,E gble din
"Non, Dieu ne trompe pas les gens","Eo, Mawu kun nɔ blɛ mɛ lɛ o"
Mon abcès a donné du pus en giclant,Nutitɛ ce tɔn sin gbluwun
II est goitreux,E jɛ gban
Tes chaussures sont trop grandes,Afɔkpa gbla afɔ nu we
Le chien est moins grand que la hyène,Avun su ɖaxo sɔ hla a
Tu es déjà un jeune homme,A ko winnya bi
"II a grandi énormément, il est devenu un vrai géant",E su gajaa
"La souris, même si elle a grandi, n'égale pas le gros rat, chacun a sa partie où il excelle","Ajaka s'avɔ ma sɔ glɛnzin, ganhunu mɛtɔn mɛtɔn wɛ"
II ne grandit pas,E jɛ gbɛn
"Un homme a grimpé sur un bananier et est tombé - Si quelque chose est impossible à quelqu'un, il la laisse","Nyaɖe xwe kwekwetin ji bo j'ayi - Nuɖe glo mɛ ɔ, e nɔ jo do"
Ce garçon a une très très grosse tête,Nyavi nɛ ɔ ɖo ta gowungowun ɖe
Cet enfant a une grosse bouche tombante,Vi elɔ ɖo nu gɛjɛɛ
II a une grosse hernie,E ɖo ke glɛjɛglɛjɛ
II est très gros,E klo gbawun
J'ai vu un boeuf grand et gros,Un mɔ nyibu gojogojo ɖokpo
Ma grande soeur a de grosses joues,Dada ce sin anya ci futuu
La tête de son enfant est très grosse,Vi tɔn sin ta klo bo ci gbɛwun
"Toi, mon garçon, tu es grossier, un vrai goujat",Hwɛ nyavi elɔ gbo fin din
II l'a guéri de sa folie,E gble taɖu n'i
II l'a guéri du mal de tête,E gble taɖumɛ n'i
"Oui, elle est complètement guérie","Ɛɛn, e gbɔ bi"
Ta maladie est-elle guérie ?,Azɔn towe gbɔ a ?
Je n'ai pas pu le guérir et il est mort,Azɔn ɔ gble do mi
Ton fils guérira,Azɔn na gbɔ nu vi towe
"Je suis chez le maître, j'habite chez le maître",Mɛsi gɔn wɛ un ɖe
II habite à Hwègbo,E nɔ nɔ Hwɛgbo
J'habite Adjohoun,Un nɔ nɔ Ajowun
Je suis venu chez toi comme d'habitude,Gayɛnu tɔn e un wa gɔn towe ɔ
II arriva en toute hâte avec quatre cents hommes,E fya jawe kpodo gbɛtɔ afɔwe kpan
Je suis en haut,Un ɖo aga
"Je ne te dois plus, hein !",Un sɔ ɖu axɔ ɖe do we a mɛ !
A une heure et demi,Gan dokpo adaɖe mɛ
Dans une heure,Ganxixo ɖokpo mɛ
II est deux heures,Gan we xo
Quelle heure est-il ?,Gan nabi wɛ xo ?
Tu es heureux d'avoir un bon fils,A ɖu vi gbɛ
II m'a heurté violemment,E xo aglo mi gblawun
L'enfant qui est venu hier a fui,Vi e wa sɔ ɔ ko hɔn
Je suis horloger,Un nyi ganbloɖotɔ
Ça me fait horreur,E fyɔn wu nu mi
Par-ci par-là,Gbɔn dĕ gbɔn dĕ
Il y a quatre ans qu'il est venu ici,E ko yi xwe ɛnɛ bɔ e wa fi
Ils étaient ici,Ye ɖo fi ɖayi
Ils seront ici,Ye na ɖo fi
Je suis ici,Un ɖo fi
Il vient,E jawe
"Cela m'est impossible, c'est plus fort que moi, ça me dépasse",E glo mi
"C'est impossible, on n'a obtenu aucun résultat, cela a résisté",E glo
"Quand le chat n'est pas à la maison, la souris est impossible à maîtriser","Ase ma ɖo xwe a ɔ, ajaka nɔ jɛ glojo"
Rien n'est impossible à Dieu,Nu ti glo Mawu a
Ne soyez inquiets de rien,Nuɖe ma gb'ayi do nu mi o
Le roitelet s'est installé dans un hamac et chante. Celui qui trouve la vie ne la refuse pas,Titigweti yi kpɔn mɛ bo lɛ kɛ. Mɛɖĕ mɔ gbɛ bo gbɛ a
Ils l'insultèrent beaucoup et il laissa tomber et ne dit rien,Yĕ zun i kaka b'ɛ gbɔ bo tin
Je suis en train de l'insulter,Un ɖo eyɛ zun wɛ
Ne m'insulte pas,Ma zun mi o
II leur interdit d'en manger,E gbɛ nu ye ɖɔ ye ma ɖu o
Cela est inutile à quelqu’un plus que le commerce des tomates,E gu mɛ hu gbo’jɔ
Je ne l'ai jamais fait,Un blo gbeɖe kpɔn a
Je n'ai jamais mangé cette viande,Un ɖu lan enɛ kpɔn a
Je ne viendrai jamais chez toi,Un na wa gɔn towe gbeɖe a
"Moi, je ne t'ai jamais vu",Nyɛ mɔ we kpɔn a
J'ai de l'argent,Un ɖo akwɛ
Je suis de l'Amérique,Un gosin Amerika tomɛ
C'est à Jean,Jan tɔn wɛ
"Celui qui jette la chose, c'est lui qui la trouve",Mɛ ɛ nɔ sɔ nu nyi gbe ɔ wɛ nɔ mɔ nu sɔ
"Jette dehors, tu trouveras",Sɔ nyi gbĕ a na yi mɔ sɔ
Elle est devenue une jeune fille,E winya ɖyɔvi
Le joueur de tam-tam dit que le rythme est dans le ventre,Ganganwunxotɔ ɖɔ adɔ mɛ wɛ gan ɖe
A un autre jour,E su gbe ɖe
Cela n'est pas juste du tout,E ma sɔgbe nɛ
Kokoko (quand on frappe à la porte),Kokoko ?
Il est là-bas,E ɖo dɔn
Va d'abord labourer au champ,Yi lɛ gle hwɛ̆
Le tissu laisse des poils,Avɔ ɔ jo fun
"Cet enfant se lamente, cet enfant n'est pas content de son sort",Vi elɔ ɖo gbɛvi han do wɛ
Voici donc que je vais me lamenter,Gbɛmɛvi ce ɖe un na ya ɖie
Regarder la forêt et lancer la flèche,Kpɔn zunta bo nyi ga
J'étudie beaucoup de langues,Un nɔ kplɔn gbe susu
La chambre dans laquelle j'ai dormi,Xɔ e mɛ un d'amlɔ ɖe ɔ
Cet habit est trop large pour  moi,Awu elɔ gbla mi
La route est large,Ali ɔ gblo
Je m'étais lavé,Un lɛ wu ɖayi
Ne le feras-tu pas ?,A ma na blo a e ?
Ce fagot de bois est extrêmement léger,Naki kɔ nɛ ɔ fuɖa ɖesu
C'est une charge légère,Agban fuɖafuɖa wɛ
Lequel veux-tu avoir ?,Ɖetɛ a jlo ?
Il les a tapés,E xo ye
Est-ce là la lettre ?,Wema ɔ ɖie a ?
II s'est levé lourdement et est parti,E ci te gbagbaɖa bo diɖo
"Je lève la main de gu (la main gauche, main du vodoun gu, terrible et vaillant) pour te féliciter",Un ze gu'lɔ yi ji nu we
Je lève la main en ton honneur (on lève la main gauche),Un ze gulɔ yi ji nu we
C'est à qui ce livre ?,Mɛ tɔn wɛ wema elɔ ?
Je viens de loin,To linlin mɛ wɛ un gosin
Le serpent est très très long,Dan ɔ ɖi ga gblɔlɔɔ
Depuis si longtemps,Gbogbo nɛ ɔ jɛn ɖie
"Lorsque tu es entré dans la chambre, je t'ai vu","Hwenu ee a byɔ xɔmɛ ɔ, un mɔ we"
Le pays le louera,To na kp'ɛ̀
C'est lourd,E kpɛn
C'est à lui,Etɔn wɛ
C'est lui,Eyɛ wɛ
Lui-même,E ɖesu
Nos mains servent à travailler,Mi nɔ sɔ alɔ mitɔn lɛ do w’azɔ
Comment vais-je faire maintenant ?,Nɛ un ka na wa gbɔn din ?
"Et maintenant, où vas-tu ?",Bo ɖo din ɔ fitɛ a xwe ?
Il est tombé mais pourtant il ne s'est pas blessé,E j'ayi amɔ e gble wu a
Il y a du maïs,Gbade ɖe
Mais si tu veux de la pâte et de la sauce avec du gombo,A ka jlo wɔ kpo nusɔnu kpo fevi kpo ɔ
II est à la maison,E ɖo xwe gbe
Je suis en train de manger à la maison,Un ɖo nu ɖu ɖo xwe gbe wɛ
Il est un maître,E nyi mɛsi
Il va dire du mal de nous,E na fun mi
J'ai mal au ventre,Xomɛ ce gble
Tu as mal fait ton travail,A blo azɔ towe gbɔ
Cet arbre pousse mal,Atin elɔ wu ganji a
Mon enfant a été très malade et est tout chétif,Vi ce j'azɔn kakaa bo ci ganmaganma
"Je suis malade, voilà pourquoi je suis allé à l'hôpital","Un ɖ'azɔn jɛ wɛ, enɛ wu wɛ un yi doto xwe"
"Malgré tout, je suis parti",Un gbɔ bo yi
Je suis dans le malheur,Adan gbo mi
Cet homme est un grand malheureux,"Nya elɔ ɔ, gbɛdonɔ ɖaxo wɛ"
Elle a mangé du gari.  Elle est enceinte (familier),E ɖu gali
II a mangé deux portions de pâte,E ɖu wɔ ganlin we
II n'a pas mangé,E gɔn nu ɖu
La dent ne peut manger du bois de fer,Aɖu ma ɖu gantin
"Tu es heureux d'avoir un bon fils ("" tu manger fils vie "")",A ɖu vi gbɛ
A peine ai-je fini de manger que tu m'as appelé,Un ɖu nu fo trolo jɛn a ylɔ mi
Il a mangé,E ɖu nu
Il était en train de manger,E ɖo nu ɖu wɛ ɖayi
Ne mange pas,Ma ɖu nu o
"Tu manges ? "" Est-ce que tu es en train de faire ta jarre ? """,A ɖo gbɛn towe blo wɛ a ?
II a manqué le but,E xo bɔlu ɔ gbla
II a simplement manqué le but,E gbɔ kpowun
J'ai manqué le canard,Un xo kpakpa ɔ gbla
"J'ai manqué le train, le taxi",Un gbɔ hun
Le chien a manqué et c'est le mouton qui est en train de chasser (Faute de grives on mange des merles),Avun wɛ han bɔ lɛngbɔ ɖo gba nya wɛ
Une seule chose me manque réellement,Nu ɖokpo gee jɛn hu do mi
Ton aide me manque,Alɔdudo towe hu do mi
Voici la vendeuse qui vend bon marché,Gbawunjonɔ ɖie !
"A l'approche de Noël, il y a du monde dans le marché","Nataa ja le ɔ, gbɛtɔ nɔ su kpɔ"
II marche en écartant les bras (en faisant l'important),E gla awa bo ɖo zɔnlin ɖi wɛ
II marche lourdement d'un côté et de l'autre,E nɔ ɖi zɔnlin gbagbaɖa gbagba­ɖa
Ma montre marche,Gan ce ɖ'azɔ wa wɛ
Ça marche bien,E ɖo yiyi ganji
Il s'est réveillé de bon matin,E fɔn zanzan fuu
Toute la chambre sent très mauvais,Xɔ ɔ mɛ bi nɔ hwɛn wan gungungun
Me voici,Nyɛ ɖie
"Moi aussi, je me porte bien","Nyɛ ɖesu, un ɖo ɖagbe"
Cette personne est très méchante,Mɛ elɔ nyila hun din
Elle a mélangé du gusi dans la sauce,E guda gusi ɔ do nusunnu ɔ wu
"II a mélangé mes papiers, il a mis mes papiers en désordre",E hɛn wema ce lɛ guda
II n'a pas bien fait le mélange,E guda d'e wu ganji a
II n'a pas bien mélangé le ciment et le sable,E gudu siman do kɔ wu ganji a
C'est moi-même qui ai lavé le bol,Nyɛ ɖesu wɛ klɔ gannu ɔ
Il n'a même pas mangé,E ɖu nu vɔvɔ a
Le même pagne,Avɔ ɖokpo ɔ
Moi-même,Nyɛ ɖesunɔ
La nuit te menace,Zan gblɔn ahwan nu we
Tu mens trop,Nuvu gbɛ do we
Merci,Mi wa nu
"Je vais uriner ! "" je vais mettre la main ceinture dedans """,Ma yi ɖ'alɔ go mɛ
Elle a mis un bracelet à la main,E do gan alɔ
II a mis son livre en gage et a reçu l'argent,E sɔ wema tɔn ɖo gbanu bo yi akwɛ do
II a mis un pagne trop grand,E nyi avɔ kɔ gɛɛ
"II se mit en colère, il s'attrista",Xomɛ gble e
Mets ton vélo contre le mur,Sɔ kɛkɛ towe gan ɖo do wu
On l'a mis en prison,E do e gan
La houe est au milieu de la maison,Alin ɔ ɖo xwe tɛntin
II est dans la misère,E ɖo gbɛdomɛ
II est dans une grande misère,E ɖo gbɛya ji wɛ din
"Tu vois ma misère, quel malheur ! "" Tu as vu ma vie ? """,A mɔ gbɛ ce a ?
C'est moi qui ai mangé,Nyɛ wɛ ɖu nu
C'est à moi,Ce wɛ
Donne-moi de l'argent,Na mi akwɛ
"Lorsqu'il est venu, il m'a parlé","Hweɖenu e wa ɔ, e ɖɔ xo nu mi"
"Moi, je m'appelle Paul","Nyɛ ɔ, un nɔ nyi Pɔlu"
Le chat est moins grand que le mouton,Awi su ɖaxo sɔ gbɔ a
Ça fait trois mois que j'ai commencé là,E blo sun atɔn bɔ un bɛ azɔ ɖo finɛ
Salut pour le moment présent (8h à 17h),"Mɛɖaxo, ku do le hwenu"
"Moi, je l'apprends pour faciliter mon commerce",Nyɛ ɖo kpinkplɔn wɛ ɛ bo na do jla ajɔ ce na
II y a beaucoup de monde là,Gbɛtɔ e ɖo finɛ e gbi
Cela lui est monté à la tête,E gble tamɛ n'i
"Arrivé là, les gens te montreront le village","A jɛ finɛ ɔ, mɛ lɛ na xlɛ we gletoxo ɔ"
Combien de personnes sont mortes précisément ?,Mɛ nabi wɛ ku tawun ?
Il est mort dans un accident,E yi ku zozo
Il est mort dans un accident de voiture,Gu ku w'ɛ ku
N'est-il pas mort ?,E ma ku a ?
La personne est morte,Azɔn ɔ gble
On moud le maïs pour l’akassa au moulin,E nɔ gba gi ɖo mɔ mɛ
II a fait la moue pour me désapprouver,E gban nya nu do mi
"II a fait une grimace, il a fait la moue",E gban ya nu
Pourquoi fais-tu la moue ?,Etɛ sin nu gban nya wɛ a ɖe ?
On n'en mourra pas !,E ma na ku gɛ !
Ils mourront,Ye na ku
"Les champs sont mûrs pour la moisson.. "" moisson déjà mûrir épi être champ dedans """,Jinukun ko mya go ɖo gle mɛ
Ne le feras-tu pas ?,A ma na blo a e ?
Je ne prends ni sel ni piment,Un nɔ ɖu jɛ kpodo takin kpan a
On a nivelé le terrain,E gbigba ayikungban ɔ
Et tu demandes mon nom,Bɔ kan nyikɔ ce byɔ
Mon nom est Fina,"Nyikɔ ce nɔ nyi, Fina"
Les ennuis sont très nombreux,Tagba gbelu
"Non, je ne peux le faire","Eo, un sixu blo a"
Irons-nous ?,Mi na yi a ?
"Maman, bonne et heureuse année à nous tous","Mama, xwe ɔ ni nyi xwesi nu mi bi"
Il n'est allé nulle part,E yi fi ti a
"Tu dis des paroles oiseuses, des "" bêtises """,Glo ɖɔ a ɖe
J'ai omis ma prière du matin,Un gɔn yɛhwe zanzan tɔn xa
Il est mort et on l'a enterré,E ku bɔ e ɖi'i
II s'est violemment opposé a moi,E klan gbe xa mi ɖo vivɛ ji
Il a ordonné que tu ne viennes pas,E ɖɔ a ma wa o
Nos oreilles servent à écouter,To mitɔn lɛ nɔ se xo
II a osé aborder son père,E gla do tɔ tɔn wu
II n'a pas osé venir ici,E gla wa fi a
II n'ose plus parler,E gla na kɛ nu a
II a osé aborder son père,E gla do tɔ tɔn wu
La porte est largement ouverte,Hɔn ɔ ɖo nuvo gbaa
Dieu lui a ouvert le chemin,Gbɛ ko hun ali n'i
II a ouvert la porte violemment,E hun hɔn ɔ gblawun
II a ouvert largement la porte,E hun hɔn ɔ kɛ gblala
II a ouvert tout grand les yeux,E van nukun gbaan
Son vélo est en panne,Kɛkɛ tɔn gble
Il finira par partir,E na wa yi
Ils finiront par mourir,Ye na wa ku
II ouvre trop de parenthèses sur cette affaire,E nɔ gbo jage do xo ɔ mɛ din
Il parle bien fon,E nɔ do fɔngbe ganji
II m'a parlé en secret,E ɖɔ xo nu mi ɖo nu glɔ
Tu parles à tort et à travers,A ku gan kpo xoɖiɖɔ kpo
A qui as-tu parlé ?,Mɛ a ɖɔ xo na ?
Il avait parlé,E ɖɔ xo ɖayi
Il était en train de parler,E ɖo xo ɖɔ wɛ ɖayi
Jésus nous aime et il est venu rester parmi nous,Jezu yi wan nu mi bo wa nɔ mi mɛ
Il a entendu les paroles que tu as dites,E se xo e a ɖɔ lɛ
II a pris une partie de la viande et l'a mangée,E gbo lan ɖu
II a pris une partie de l'argent et l'a caché,E gbo kwɛ ɔ hwla
II n'en a dit qu'une partie,E gbo ɖɔ
II n'est pas parti,E gɔn yiyi
A peine partit-il que tu es venu,E yi trolo jɛn a wa
Je suis venu et tu es parti,Un wa b'a yi
N'es-tu pas parti là-bas ?,A ma yi dɔn a ?
Il m'a dit que tu ne viendras pas,E ɖɔ nu mi ɖɔ a kun na wa o
J'ai mangé mais je ne suis pas rassasié,Un ɖu nu loɔ un ka gɔ xo a
Ne mangera-t-il pas ?,E na ɖu nu ace ?
N'est-il pas parti ?,E ma yi a ?
II est passé par ici,E din gbɔn fi
II est passé par moi,E gbɔn ji ce
Passe par ici,Wa yi gbɔn fi
Il est passé à mon insu,E gbɔn ta ce nu
Par où cet homme est-il passé ?,Fi tɛ nya elɔ ka gbɔn ?
"II est venu chez moi en cachette ""Il est passé sous la chose et est venu chez moi  """,E gbɔn nu glɔ bo wa gɔn ce
Merci pour la fois passée (il y a un certain temps),Ku do gbe ɖe
C'est quel pays ?,To ɖetɛ wɛ ?
La pêche a-t-elle été bonne ?,Gbe ɔ nyɔ a ?
J'ai pensé beaucoup de choses à son sujet.,Un lin nu gege gbɔn gbla tɔn mɛ
J'ai perdu le bénéfice,Ajɔ gu mi
Les hommes vous persécuteront,Gbɛtɔ na ɖo gbigbɛ mi wɛ
Cette personne-là,Mɛ nɛ
Je n'ai vu personne,Un mɔ mɛti a
La personne avec laquelle j'ai parlé,Mɛ e un ɖɔ xo xa ɔ
II a perverti mon enfant,E hɛn vi ce gble
J'ai vu une antilope dans un petit buisson,Un mɔ tɛ ɖokpo ɖo zun gozwe ɖe mɛ
Peu à peu l'akassa est cuit,Dɛdɛ gi nɔ bi
"Actuellement, il est un peu à son aise !",E geze kpɛɖe din mɛ !
Dis-moi un peu en plus,Lɛ ɖɔ kpɛɖe nu mi ɖe ji
II a parlé sans peur,E gbo adɔ bo ɖɔ xo
"Si tu as peur, tu es tout troublé, tu perds la tête",Enyi xɛsi ɖi we ɔ ayi towe bi gba do
II a le pian,E jɛ gbotoa
"Ah ! Monsieur, pourquoi m'as- tu piétiné ?","An ! Nya nɛ, nɛgbɔn a ɖ'afɔ ji ce ?"
"Je ne prends ni sel, ni piment",Un nɔ ɖu jɛ bo nɔ ɖu takin a
Une guêpe m'a piqué,Gbɔnvɛ mɛ mi
L'aîné commença à se plaindre à son père,Vi mɛxo ɔ jɛ gbɛvi han do tɔ ́tɔn ji
"C'est plein à déborder, ils sont beaucoup trop nombreux",E gɔ tun fla
C'est plein et cela est tombé par terre,E gɔ kɔ ny'ayi
C'est parce que mon père est mort que j'ai pleuré,Tɔ ce ku wɛ zɔn bɔ un ya vi
"Il m'a tapé, c'est pourquoi j'ai pleuré","E xo mi, enɛ wutu wɛ un ya vi i"
"S'il pleut, le temps fraîchira","Ji ja ɔ, gbɛmɛ na fa"
C'est parce qu'il a plu que je ne suis pas allé au service,Ɖo ji ja wutu wɛ un yi azɔmɛ a
"En trois jours, il doit pleuvoir",Jikun ɖona ja ɖ'azan tɔn mɛ
"Elle a un joli cou ""Son cou fait des plis""",Kɔ tɔn gbo ala
Je ne serai plus longtemps avec vous,Un sɔ na nɔ xa mi gaga ɖe ǎ
Il a travaillé plus que moi,E w’azɔ hu mi
Il est plus âgé que moi,E hu mɛxo mi
Je ne suis plus allé au service,Un sɔ yi azɔmɛ a
Je ne viendrai plus,Un na sɔ wa a
La souris est plus petite que le chat,Ajaka hwe hu awi
Ne venez plus,Mi ma sɔ wa o
Il est sur le point de manger,E ɖo nu na ɖu wɛ
II est sur la pointe des pieds,E ɖo ge nu
Le chat est venu et on lui a donné du poisson,Awi wa bɔ e n'ɛ hwevi
Es-tu bien portant ?,A ɖo ɖagbe a ?
II fait le portefaix,E ɖo gbatɛ sɔ wɛ
Il est portefaix,E nɔ sɔ gbatɛ
"Aujourd'hui, on m'a porté chance",Egbe ɔ un kpe alɔ ɖagbe
Comment te portes-tu ?,A ɖo ɖagbe a ?
II possède l'amulette pour se défendre,E ɖo glo tɔn
J'ai la chair de poule,Wutu ce slɔ fun
Comment ? Pourquoi cela ?,Nɛ gbɔn ?
II continue à le poursuivre,E gbɛ kpo ɖo tunnu tɔn
Le professeur les a instruits et pourtant ils ont échoué,Mɛsi kplɔn nu ye cobɔ ye ɖu afɔku
La mauvaise herbe a poussé,E gɔ gbe
C'est au pouvoir de Dieu,E ɖo Mawu’si
"Fina, pourrais-tu me dire d'où tu viens ?","Fina, a sii ɖɔ fi e a gosin ɔ nu mi a ?"
Je peux faire,Un hɛn ɔ na blo
"Non, moi, je ne peux pas","Eo, nyɛ un kpewu a mɛ"
C'est précisément ainsi,Mɔ jɛn wɛ
II a pris un peu de beignet,E gbla klɛklɛ nu
Il a pris une nouvelle femme,E gbe yawo
Je suis venu pour prendre mon livre,Wema ce yi gbe un ja
"Le sac a pris le sac ""Qui se ressemble s'assemble""",Glo mɔ glo sɔ
"On ne peut emporter un champ "" Le travail du champ n'est pas bon à prendre """,Glelilɛ ma nyɔ ze
"C'est du pareil au même "" Prends cabri aller mettre corde, prends corde aller mettre cabri ""","Sɔ gbɔ yi do kan, sɔ kan yi do gbɔ"
La femme dont j'ai pris le pagne,Nyɔnu e sin avɔ un yi ɔ
II prépare des gris-gris de toutes sortes et les met en poche,E nɔ gu bo tɛnmɛ tɛnmɛ lɛ bo nɔ sɔ do akpo mɛ
Je te présente mes hommages,Un ɖo gbe towe xo wɛ
II m'a pressé un abcès,E fyɔn nutitɛ nu mi
Tu fais trop le prétentieux,A nɔ blo gbangan din
Que Dieu nous prête vie,Mawu ni na mi gbigbɔ
II est à la prison,E ɖo gankpa ɔ mɛ
J'ai des problèmes,E gbo mi
II a proféré des menaces de mort,E gblɔn ku'dan
II se mit à proférer des menaces contre son ennemi,E jɛ adan gblɔn nu kɛntɔ tɔn ji
Il est professeur,E nyi nukplɔnmɛtɔ
II est dans un trou profond,E ɖo do gɔngɔn ɖe mɛ
Le puits est profond,Tɔ ɔ gɔngɔn
Obscurité profonde,Zin gɔngɔn
Il s'est promené à travers le village,E ɖi sa gbɔn toxo ɔ mɛ
Mon enfant se promène dehors,Vi ce ɖo sa ɖi wɛ ɖo gbɛnde mɛ
II a promis avec force qu'il le fera,E gblɔn adan ɖɔ emi na blo
II a prononcé une incantation contre eux,E sa bogbe ɖo yĕ
Il m'a demandé quand mon père viendra,E kanbyɔ mi ɖɔ hwetɛnu tɔ ce na wa aji ?
II a de l'argent en grande quantité,Akwɛ ɖ'asi tɔn kpɔ gbobli
Il a dit que tu viendrais,E ɖɔ a na wa
Il m'a dit que son père viendrait,E ɖɔ nu mi ɖɔ tɔ tɔn na wa
J'ai mangé la viande que tu as achetée,Un ɖu lan ɖe a xɔ ɔ
Je suis aussi grand que toi,Un su ɖaxo sɔ we
Le boeuf est plus gros que le mouton,Nyibu klo hu lɛngbɔ
Dans quel pays vas-tu ?,To tɛ mɛ a xwe ?
Ce livre en question,Wema elɔ ɔ
Ces personnes en question,Mɛ elɔ lɛ
Chez qui vas-tu ?,Mɛ gɔn a xwe ?
C'est à qui ?,Mɛ tɔn wɛ ?
C'est qui ?,Mɛ wɛ ?
La personne à qui j'ai parlé,Mɛ e un ɖɔ xo na ɔ
"Elle a rangé l'argent dans son petit sac, et c'est énorme","E to kwɛ do kpɛtɛvi tɔn mɛ b'ɛ klo, bo ci gbiwun"
Elle râpe du manioc,Fɛnnyɛ gin wɛ e ɖe
Aide-moi à me rappeler cela,D'alɔ mi ma flin nu elɔ́
"Sa voix est rauque, il est enroué",Gbe tɔn xla
Les cochons ont ravagé le jardin,Agluza lɛ gidi jikpa ɔ mɛ
Je rayerai ton nom de la liste,Un na gbidi nyikɔ towe sin wema mɛ
C'est tout récemment que je suis venu,Gudogudo din jɛn wɛ un wa
As-tu réglé ta montre aujourd'hui ?,A yi gan egbe a ?
J'ai reçu une décharge de courant électrique,E gbi mi
"Je n'ai pas de chez moi, je n'ai pas où recevoir",Un ɖo gɔn ɖe ǎ
J'ai réchappé d'un accident,Un gan ɖ'awovinu mɛ
Fais réchauffer un peu la sauce,Gblɔ zo kpɛɖe do nusunnu ɔ
Ils recherchent le voleur,Yĕ ɖo ajotɔ ɔ gbe nya wɛ
T'es-tu déjà réconcilié avec lui ?,A ko gbɔ kɛn x'ɛ a ?
Le fleuve a recouvert toutes les récoltes,Tɔ ɔ gba jinukun lɛ bi
C'est réellement son prix,Akwε tɔn godogodo wε
"Si le destin vous refuse quelque chose, il faut savoir vous y résigner","Sɛ gbɛ nu nu mɛ ɔ, gbɔ e nɔ gbɔ d'e ji"
Un vivant ne refuse pas les affaires de la vie,Gbɛnɔtɔ ɖe mɔ nɔ gbɛ gbɛxo
Elle a refusé de préparer la pâte,E gbɛ wɔ ɖa
Elle a refusé de préparer la pâte,E gbɛ wɔ ɖiɖa
Elle a refusé de préparer la pâte,E gbɛ wɔ ma ɖa
Est-ce que la-vendeuse de boule de haricot refuse (de vendre) et la vendeuse d'huile oblige (à acheter son huile qui ne servira à rien),Ablanɔ nɔ gbɛ bɔ aminɔ nɔ jɛ ku a ?
II a refusé de me suivre,E gbɛ ɖɔ emi kun na xwe do mi o
II refusa de dire,E gbɛ ɖiɖɔ
II refusa d'écouter sa prière,E gbɛ to ɖo vosisa tɔn
II refuse (à son âge) de s'arrêter de travailler,E gbɛ kpo ɖ’azɔ wa wɛ
"J'ai refusé de rendre service à ma mère, j'ai refusé de lui faire plaisir",Un gbɛ nyɔ nu nɔ ce
J'ai refusé mon mari (je m'en suis séparé),Un gbɛ asu ce
"Je ne refuse pas, j'y consens",Un gbɛ a
"Je refuse complètement ton amitié, ta compagnie, ta familiarité",Un gbɛ xa towe bi
"Je refuse, non",Un gbɛ a
Tu me refuses cela ?,A gbɛ nu nu mi a ?
"Un Aja a refusé quarante et a vendu à trente ""Un tiens vaut mieux que deux tu l'auras""",Ajanu gbɛ kanɖe bo sa yi gban
"Je refuse complètement "" Je refuse et appuie pied dessus """,Un gbɛ bo t’afɔ ji
Je suis de la région de Berlin,Un gosin Bɛɛlɛn tokpɔn ɔ mɛ
Elle a ses règles,E jɛ glegbe
Affaire difficile à régler,Adɔn gɛnnyigɛnnyi
L'affaire est réglée,Xo ɔ lɛ kɔ ɖo gba to
Réjouis-toi et tressaille d'allégresse,Hun xomɛ bo nu ayi towe gba wɔ
Ça n'a pas rempli la case,E gbla xɔ ɔ mɛ
La voiture est remplie et déborde,Mɔto ɔ gɔ bo ɖo gedegede
L'eau remplit la bouteille jusqu'au bord,Sin gɔ go ɔ gbagba
II a rempli la bouteille de vin de palme,E kɔn atan gɔ go ɔ
Ils rendirent grâces à Dieu de la victoire qu'ils avaient remportée sur leurs ennemis,"Ye do ku nu Mawu, ɖo gan ye hu kɛntɔ yetɔn lɛ tamɛ"
II a rencontré mon père,E xo go tɔ ce
La potasse forte a rencontré le tabac fort,Akanmu glagla kpe azɔ glagla
Nous nous rencontrerons un jour,Mi na kpe go gbe ɖokpo
Où vous êtes-vous rencontrés ?,Fitɛ mi xo go miɖee ?
Moi et mon épouse avons un rendez-vous en ville,Nyɛ kpo asi ce kpo ɖo goxo do toxo mɛ
Je vais t'en rendre compte,Un na ɖo gbe tɔn nu we
La pointe est rentrée profondément,Hunjɛn ɔ yi mɛ gunmigunmi
II a renversé l'eau,E fli sin ɔ gba
II a renversé l'huile,E ze ami ɔ gba
II répand son histoire partout,Xo tɔn gba gbĕ bi
II a répandu tout le maïs par terre,E funfun gbade kpe kɔ mɛ bi
II répand son histoire partout,Xo  tɔn gba gbĕ bi
La farine est en train de se répandre,Linfin ɔ ɖo funfunfunfun wɛ
La nouvelle les concernant s'est répandue dans tout le pays,Xo yetɔn ɔ gba kpe tomɛ
La nouvelle s'est répandue partout comme une traînée de poudre,Xɔ ɔ gba kpe fi bi guwun
Le garçon est en train de répandre de la cendre,Nyavi ɔ ɖo afin funfun wɛ
Le pétrole s'est répandu par terre,Klazin gba kɔn nyi kɔ mɛ
L'odeur de la sauce se répandit partout,Nusunnu ɔ sin wǎn gba kpe fi bi
Ne répands pas ces paroles auprès de moi ( ça ne me regarde pas),Ma funfun xo kwin gɔn ce o
Qu'avez-vous fait à ce poulet pour qu'il répande ses plumes ici ?,Etɛ mi ka wa nu koklo ɔ b'ɛ gba fun kɔn nyi fi
II ne m'a rien répondu,E yi gbe ɖe nu mi a
Que t'a-t-il répondu ?,Gbe tɛ wɛ e yi nu we ?
Il m'a répondu et il a dit,E yi gbe nu mi bo ɖɔ
Le jour est reporté,Azan ɔ glin
C'est mon jour de repos,Gbɔjɛ’zan gbe ce wɛ
II a oublié de se reposer,E gɔn gbigbɔjɛ
Je vais me reposer un peu,Ma gbɔjɛ kpɛɖe
"Après que je me suis reposé, ma femme est venue","Ee un gbɔjɛ gudo ɔ, asi ce wa"
C'est répugnant,E gbɛ hɛn
La cloche a résonné,Gan jɛ gbe
Ce tambour résonne bien,Hun elɔ nɔ ɖi gbe ganji
Le tambour résonne déjà,Hun ɔ ko ɖo gbe jɛ wɛ
Cet enfant est trop irrespectueux,Vi elɔ nɔ do gbangbe mɛ wu din
II respire par la bouche,E gbɔ gbɔn nu mɛ
Tu respires comme un taureau brave,A nɔ gbɔjɛ nyibu'suka ɖɔhun
Ressaisis-toi,Gbo hwiɖee fan
Les choses n'en resteront pas là,Nu na wa nɔ wu
Comment as-tu grillé le cabri qu'il reste du poil dessus ?,Nɛ a mɛ gbɔ ɔ ba fun kpo ɖ'e wu ?
II est resté sans manger,E gɔn nu ma ɖu
"II est sept heures moins le quart ""Il reste quinze minutes pour sept heures""",E kpo cɛju afɔtɔn nu gan tɛnwe
Resteras-tu quelque temps chez nous ?,A na nɔ mi gɔn kpɛɖe a ?
Restez bien en accord entre vous,Mi nɔ gbekpligbekpli xa miɖee
"Tu resteras sans manger, sans boire et sans parler jusqu'à après-demain","A na gbɔ nu ɖu, bo gbɔ sin nu, bo gbɔ xo ɖɔ kaka yi azan tɔn gbe"
"Tu te mets en retard, tu vas être en retard",A ɖo hwenu gbɔ wɛ
Sa montre retarde,Gan tɔn gbɔ hwenu
"II l'a retenu à l'hôpital, il l'a hospitalisé",E glɔn ɛ ɖo dotoxwe
II retenait ses larmes,E glɔn avi nu eɖee
"Demain, nous nous retrouverons (On va s'affronter)",E su sɔ mi na do go
II y a une réunion,E ɖo gbesɔ
A peine l'enfant réussit-il que son père lui a acheté un vélo,"Ee vi ɔ din trolo ɔ, tɔ tɔn xɔ kɛkɛ n’i"
"Dès que mon enfant est réveillé, il ne fait qu'aller ça et là","Vi ce fɔn ɔ, gbejagbeja jɛn gbɔn w'ɛ nɔ ɖe"
Je me suis réveillé,Un fɔn
"Réveille-matin "" horloge qui a habitude réveiller personne """,Gan e nɔ fɔn mɛ e
Je suis en train de me réveiller,Finfɔn wɛ un ɖe
Elle a acheté de l'huile pour la revendre,E xɔ ami sa
Ils se sont révoltés contre Dieu,Ye fɔn gu ɖo Mawu ji
Je n'ai rien fait,Un blo nuti a
"Non, la personne ne connaît rien","Eo, mɛ o kun tuun nuɖe o"
J'ai parlé et il a ri,Un ɖɔ xo b'ɛ ko nu
II a de gros yeux bien ronds,E ɖo nukun glotoo
Il est rusé comme une fouine,E sɛ hu wɔ
Je n'ai pas bien saisi l'affaire,Xo ɔ gbla to (nu) mi
Ce pagne est sale au point qu'on ne pourra plus lui rendre sa couleur primitive,Avɔ elɔ gɔ
II est sale,E kwiji
Je te salue,Un do gbe nu we
Il a mangé du riz sans friture,E ɖu lɛsin nusunnu mɛvo
Mon enfant s'est sauvé et va de-ci de-là,Vi ce hɔn bo nɔ gbɔn gbĕgbĕ
Sauve-moi,Hwlɛn mi gan
Il ne sait même pas parler,E ma nyɔ xo ɖo gɛ
On lui a fait des scarifications très longues,E gbo hwɛ gblulu
II a secoué le sac de maïs (pour le remplir),E gbijɔ gbade'ti ɔ
"Je suis le Seigneur, votre Dieu","Nyɛ wɛ nyi Aklunɔ, Mawu mitɔn"
"Elle a de beaux seins "" elle a sein bien plein être poitrine dedans """,E ɖo anɔ gbagba ɖ'akɔn mɛ
Est-ce qu'on sème l'arachide et qu'il pousse du souchet ?,E nɔ d'aziin b'ɛ nɔ wu fyo a ?
Nous allons séparer la chambre en deux,Mi na gbo xɔ ɔ ɖo we
A 7 heures,Gan tɛnwe mɛ
"La maladie est devenue sérieuse, il va mourir (il ne peut plus boire)",Azɔn gbɛ sin
La chaussure me serre,Afɔkpa ɔ fyɔn mi
Il lui a demandé où il va au service,E kanbyɔ ɛ ɖɔ fitɛ e nɔ yi azɔmɛ ɖe aji
Il y en a au service,E ɖe d'azɔmɛ
Cela ne t'a servi à rien,E gu we
"Viens me servir d'interprète "" viens entendre la parole pour moi """,Wa se gbe nu mi
Et nos yeux servent à voir,Bo nukun mitɔn lɛ nɔ mɔ nu
Un zigzag seulement et l'enfant est tombé du vélo,"Gadagada kpowun ɔ, ayi jɛn nyavi ɔ jɛ sin kɛkɛ ji"
Il a demandé si son papa n'a pas de voiture,E kanbyɔ ɖɔ tɔ tɔn ɖo mɔto ace
Il leur a demandé si leurs parents parlent fon,E kanbyɔ ye ɖɔ mɛjitɔ yetɔn lɛ nɔ do fongbe aji
J'ai soif,Sinnu gbla sin mi
A ce soir,E su gbadanu
Ils doivent arriver ce soir,Ye ɖona wa gbadanu
"L'ombre est profonde, la nuit est très sombre",Zinflu do gɔɔn din
Il a refusé que son enfant aille au service,E gbɛ ɖɔ vi tɔn ma yi azɔmɛ o
"II est l'heure depuis longtemps, c'est sonné depuis longtemps",Gan ko xo xoxo
L'horloge a sonné,Gan ɔ ɖɔ nu gbaan
Voici pourquoi j'ai agi de la sorte,Lĕe gbɔn un blo mɔ ɖie
"Dans quel dessein es-tu sorti, es-tu venu ? Pourquoi es-tu sorti ?",Ani gbe a tɔn ?
"Sors d'ici, va-t-en",Go sin fi
Tu as fait une sottise,Nu gugu nɛ a wa nɛ
"II y a de l'harmattan, l'harmattan souffle",Woo gbɛ
Il a soufflé sur moi (pour me fortifier),E fun funfun do ji ce
Un très grand vent a soufflé cette nuit,Jɔhɔn gugu ɖe nyi egbe zan mɛ
II est sous la table,E ɖo tavo ɔ glɔ
II est sous ton livre,E ɖo wema towe gwlɛ
"II est sous sa protection ""Il est sous ses pieds""",E ɖ’afɔ tɔn lɛ glɔ
II a soutenu le chef,E gan gan ɔ
II a soutenu le mur,E gan do ɔ
Cet enfant est squelettique,Vi elɔ ɖo govikacwe
Cet enfant est squelettique,Vi elɔ ɖo xu glaoglao
II a arrêté le véhicule en le stoppant bruyamment,E ɖo hun ɔ te gliwun
II s'est dégagé avec succès de l'affaire,E glo nu
II a sucé une orange,E gbingbɔn yovozɛn
"Il ma donné un baiser "" il m'a sucé la joue """,E gbungbɔn klɛn nu mi
Ça ne suffit pas encore,Enɛ ɔ ko kpe a mɛ
"Cela ne me suffit pas "" c'est trop grand bouche dedans pour moi """,E gbla nu mɛ nu mi
La rosée ne mouille pas la bête qui suit l'éléphant,Lan xwe do geli nɔ xo amyɔsun a
Et le supplément ?,Gɔ na tɔn lo ?
Tu n'es qu'en supplément,Gbɛgɔnu wɛ nu hwɛ
Ils ont supplié mon père par mon intermédiaire,Yĕ sa vo nu tɔ ce gbɔ ji ce
"Je supplie Dieu, je me confie à Dieu",Un ɖo Mawu gbe xo wɛ
Jean est sur la table,Jaan ɖo tavo ɔ ji
Cela est surprenant,E fyan mɛ
II est venu me surprendre à la maison (je ne m'attendais pas à sa venue),E gbo mi do ɖo xwe gbe
II viendra te surprendre,E na wa fyan we
La pluie m'a surpris,Ji gbo mi
"Sa mort subite m'a surpris "" il mourir surprendre moi """,E ku fyan mi
"Cela m'a surpris, cela m'a pris de court, je ne m'y attendais pas",E fyan mi
Surveille tes paroles,Ma nu xo towe gba gbe o
Suspends le régime de bananes,Do kokwe kan sɔ nyi gblɛlɛ
II a des taches de gùn,E jɛ gun
Nous sommes exactement de la même taille,Mi ɖo gbesugbesɔ
II y a trop de tapage ici,Hlunhlun gbɛ ɖo fi din
Ils ont fait du tapage pour rien,Yĕ jɛ tagba glolo
C'est moi que tu as tapé,Nyɛ wɛ a xo
Je suis en train de te parler,Un ɖo xo ɖɔ nu we wɛ
"Chaque chose en son temps ""Travail et parole sont à heure fixe""","Azɔwiwa kpo xoɖiɖɔ ɔ, ye ɖo ganmɛganmɛ"
L'homme se tient droit comme un iroko,Dawe ɔ jlɔ ginnaa lokotin ɖɔhun
Quel langage tenez-vous là ?,Gbe tɛ nɛ ɖɔ wɛ mi ɖe nɛ ?
II m'a fait tiédir de l'eau,E gblɔ sin nu mi
Mon arbre est plus mince que le tien,Atin ce wini hu towe
II a tiré et raté,E da tu gbla
II a tiré un coup de fusil avec fracas,E da tu gbaan
II s'en est tiré,E gan
Il a tiré un coup de fusil et il a raté la cible,E dà tu gbɔ
II s'est saoulé et il bouge en titubant,E nu ahan mu bo nɔ dan gɔgɔ
II s'est saoulé et il titube,E nu ahan mu bo ɖo gɔ sɔ (ou fun) wɛ
C'est toi qui as parlé,Hwi wɛ ɖɔ xo
Je suis venu chez toi,Un wa gɔn towe
II est tombé lourdement,E j'ayi gbiwun
"II est tombé ""plac""",E j'ayi gbli
"II tombe une pluie fine, il bruine",Gbadɛndɛn ɖo funfun wɛ
La rosée est tombée,Ahun fun
Le gong qui tombe ne dissimule pas sa voix,Gan j'ayi ma bɛ gbe
On empêche la pluie de tomber à un endroit,E nɔ glɔn ji
"Si la fonte tombe, elle se casse à coup sûr",Badagla j'ayi ɔ gba jɛn nɔ gba
"Il n'en réchappera pas ""Voici que l'affaire menace de tomber sur lui""",Nu ɔ ɖie tɔ gɛ do ji tɔn e
C'est à cause de toi que l'enfant est tombé,Hwi wu wɛ vi ɔ j'ayi
Ce mur est tordu,Do nɛ ɔ gbandaan
II a tordu la barre de fer,E hɛn gan ɔ gɔndɔn
II a tordu la corde,E dɔn kan ɔ fyɔn
Il a tordu la houe,E hɛn alin ɔ gɔn
"Si la case est tordue, le sommeil ne l'est pas",Xɔ gban ɔ amlɔ nɔ gban a
Ce chemin est excessivement tortueux,Ali nɛ ɔ gɛdɛ din
Son coeur est tortueux,Ayi tɔn gɛdɛ
"On ne sait pas ce qu'il fait "" son pied est tortueux """,Afɔ tɔn gɛdɛ
Il est totalement perverti,E gble gba
II a prit le tournant,E xa gwe
II m'a tourné le dos,E do gudo mi
Ils se portent tous bien,Ye bi fɔn ganji
Je n'ai pas du tout mangé,Un ɖu nu ɖebu a
Ils sont en train de donner leur part pour la cérémonie funèbre,Ye ɖo mɔɖɔ gbo wɛ
Tu es en train de m'insulter,A ɖo nyɛ zun wɛ
C'est le sort qui a tranché pour toi,Gbɛnu wɛ gbo we
Laisse-moi tranquille,Gbɔ nu mi xwii
Il reste tranquille,E nɔ xo su a
Comment va ton travail ?,Nɛ azɔ towe ɖe gbɔn ?
J'ai travaillé,Un w’azɔ
Il travaille avec acharnement,E ɖ’azɔ wa wε myaya
II n'a pas travaillé,E gɔn azɔ wa
Est-ce qu'il n'a pas bien travaillé ?,E w'azɔ ganji a wɛ a ?
"II est très velu "" il pousser poil passer endroit tout """,E wu fun gbɔn fi bi
L'autre corde est très longue,Kan ɖe ɔ ɖi ga ɖesu
Tu t'es trompé en parlant,A ɖɔ xo gbɔ
C'est trop chaud,E hun myɔ gaɖagaɖa
II ya trop d'eau sur la sauce,Sin sukpɔ ɖo nusunnu ɔ ji gboo
Tu ennuies trop le monde !,A nɔ fun mɛ din !
Je vois trouble,Nukun ce gba zin
"Son coeur est complètement troublé, il a perdu la tête",Ayi tɔn bi gba do
J'ai trouvé un hérisson qui s'était mis en boule,Un mɔ ajijakuzɛn ɖokpo b'ɛ wlo eɖee bo ci gbloboetwe
Peux-tu me trouver ici un peu de goûter à manger ?,A na sixu mɔ gbadamaja klewun ɖe ɖo finɛ ma ɖu a ?
Un homme élancé est venu te voir et ne t'a pas trouvé,Dawe gɛgɛ ɖe wa ba we kpo
Combien de femmes as-tu ?,Asi nabi wɛ a ɖo ?
Ne viendras-tu pas ?,A ma na wa a ?
C'est l'eau qui est exposée (sans profondeur) qui tue la grenouille,Sin gannaganna ɔ bese wɛ e nɔ hu
Il s'est tué lui-même,E hu eɖee
L'un a mangé et l'autre a bu de l'eau,Mɛɖe ɖu nu bɔ mɛɖe ɔ nu sin
Le bouc uni à la chèvre,Gbɔsu donu gbɔsi
As-tu pris un peu de vacances ?,A yi gbɔjɛ kpɛɖe a ?
Es-tu en vacances ?,Gbɔjɛ mɛ wɛ a ɖe a ?
"C'est pourquoi tu seras vagabond, fugitif sur la terre (Genèse 4,12)","Enɛ ɔ wutu ɔ́́ a na huzu alaga, gbejɛgbejɛ ɖo ayikungban ji"
La nouvelle maison de mon père est vaste,Tɔ ce xwe yɔyɔ din tɔn ɔ ci gblagadaa
Le vendeur des jouets est là,Ayihundanunɔ wa
"On a vendu à vil prix, on liquide",E nɔ sa gbawunjo
Est-ce que tu vends là ?,A nɔ sa nu ɖo finɛ wɛ a ?
J'ai déjà vendu à quelqu'un,Un ko kpan'lɔ
"Non, vendez-moi du akpan","Eo, mi sa akpan nu mi"
A quelle heure viendras-tu ?,Gan nabi mɛ a na wa
D'où viens-tu et où vas-tu ?,Fitɛ a go sin xwe yi gbe ?
Est-ce qu'il vient ? Jamais ! II ne vient jamais,E nɔ wa a ? - Gbeɖe ! E nɔ wa gbeɖe a
II est venu avec moi pour être à deux,E gɔ nu mi ɖo we
Je viendrai certainement,Un na wa gee
Je viens de Ouidah,Un go sin Glexwe
Quel jour viendras-tu ? - Dans huit jours,Gbe tɛ gbe a na wa ? - Azan tantɔn gbe
"Un jour, je viendrai chez toi","Gbe ɖe gbe ɔ, un na wa gɔn towe"
Un très grand nombre de gens sont venus au dispensaire aujourd'hui,Gbɛtɔ wa dotoxwe egbe kaka bo gbelu
Viens près de moi que je te dise quelque chose,Wǎ gɔn ce ma ɖɔ xo nu we
A quelle heure viendras-tu ?,Gan nabi mɛ a na wa ?
Il viendra,E na wa
Ils venaient à notre réunion,Ye nɔ wa kpli mitɔn ɖayi
Je suis venu,Un wa
Viens d'abord,To wa hwɛ
II est venu pour manger,E ja nu ɖu gbe
Je suis venu pour acheter,Nu xɔ gbe un wa
Je suis venu pour manger,Nu ɖu gbe un ja bo wa
"Il y a de la viande d'agouti, de boeuf","Xɔlan ɖe, nyilan ɖe"
Fais vite que nous partions,Blo gliwun nu mi na yi
Il partit vite,E yi blewun
II m'a donné la chicote vivement et s'est sauvé,E do ba mi fyawun bo hɔn
On l'a enterré tout vivant,E ɖi i gbɛɖegbɛɖe
Je suis vivant,Un ɖo gbɛ
"André, voici de l'eau","Andre, sin ɖie"
Le voici,E ɖie ?
"C'est la feuille que le cabri a vu dans la bouche de sa mère qu'il mange ""On reproduit toujours les comportements de son entourage""",Ama e gbɔ mɔ ɖo nɔ ɔ nu e wɛ e nɔ ɖu
II est venu pour voir le tam-tam,E wa hun kpɔn gbe
J'ai vu une fillette qui avait de grands pendants d'oreille,Un mɔ yɔkpɔ ɖe b'ɛ do togbe gblaja ɖe to mɛ
Devons-nous le voir aujourd'hui ?,Mi ɖo na mɔ ɔ egbe wɛ a ?
Je l'ai pris en flagrant délit de vol,Un mɔ ɛ ganagana b'ɛ ɖo ajo ja wɛ
II a volé,E gbe nu
II lui a volé son argent,E gbe akwɛ tɔn
II m'a volé,E gbe nu do mi
Qui volera-t-il ?,Mε w’ε na j’a jo do ?
II était en train de voler ostensiblement,E ɖo nu fin wɛ ganagana
Je suis votre grand-frère,Nyɛ wɛ nyi fofo mitɔn
Merci pour tout ce que vous faites pour moi,Ku do mɛkanxuxo
Bon voyage ! (que le chemin te soit bon),Ali ni nyɔ nu we ?
Il m'a répondu que tu ne voyagerais pas,E yi gbe nu mi ɖɔ a kun na yi to mɛ o
L'enfant n'est pas voyou du tout,Vi ɔ ma gble nɛ
C'est absolument vrai,Nugbo wɛ gee
"Si tu parles, dis vrai","A na ɖɔ xo hun, ɖɔ gblowunkan"
Il n'y a pas d'argent,Akwɛ ɖe a
